country,iso_alpha2,iso_alpha3,population_indicator,gdp_nominal,gdp_per_capita_indicator,inflation,region,subregion,flag_emoji
Albania,AL,ALB,,,,,,,ğŸ‡¦ğŸ‡±
Argentina,AR,ARG,,,,,,,ğŸ‡¦ğŸ‡·
Armenia,AM,ARM,,,,,,,ğŸ‡¦ğŸ‡²
Australia,AU,AUS,,,,,,,ğŸ‡¦ğŸ‡º
Austria,AT,AUT,,,,,,,ğŸ‡¦ğŸ‡¹
Azerbaijan,AZ,AZE,,,,,,,ğŸ‡¦ğŸ‡¿
Bahamas,BS,BHS,,,,,,,ğŸ‡§ğŸ‡¸
Belarus,BY,BLR,,,,,,,ğŸ‡§ğŸ‡¾
Belgium,BE,BEL,,,,,,,ğŸ‡§ğŸ‡ª
Belize,BZ,BLZ,,,,,,,ğŸ‡§ğŸ‡¿
Bosnia and Herzegovina,BA,BIH,,,,,,,ğŸ‡§ğŸ‡¦
Brazil,BR,BRA,,,,,,,ğŸ‡§ğŸ‡·
Bulgaria,BG,BGR,,,,,,,ğŸ‡§ğŸ‡¬
Cabo Verde,CV,CPV,,,,,,,ğŸ‡¨ğŸ‡»
Canada,CA,CAN,,,,,,,ğŸ‡¨ğŸ‡¦
Chile,CL,CHL,,,,,,,ğŸ‡¨ğŸ‡±
Colombia,CO,COL,,,,,,,ğŸ‡¨ğŸ‡´
Costa Rica,CR,CRI,,,,,,,ğŸ‡¨ğŸ‡·
Croatia,HR,HRV,,,,,,,ğŸ‡­ğŸ‡·
Cuba,CU,CUB,,,,,,,ğŸ‡¨ğŸ‡º
Cyprus,CY,CYP,,,,,,,ğŸ‡¨ğŸ‡¾
Czech Republic,CZ,CZE,,,,,,,ğŸ‡¨ğŸ‡¿
Denmark,DK,DNK,,,,,,,ğŸ‡©ğŸ‡°
Ecuador,EC,ECU,,,,,,,ğŸ‡ªğŸ‡¨
El Salvador,SV,SLV,,,,,,,ğŸ‡¸ğŸ‡»
Estonia,EE,EST,,,,,,,ğŸ‡ªğŸ‡ª
Fiji,FJ,FJI,,,,,,,ğŸ‡«ğŸ‡¯
Finland,FI,FIN,,,,,,,ğŸ‡«ğŸ‡®
France,FR,FRA,,,,,,,ğŸ‡«ğŸ‡·
Georgia,GE,GEO,,,,,,,ğŸ‡¬ğŸ‡ª
Germany,DE,DEU,,,,,,,ğŸ‡©ğŸ‡ª
Greece,GR,GRC,,,,,,,ğŸ‡¬ğŸ‡·
Guatemala,GT,GTM,,,,,,,ğŸ‡¬ğŸ‡¹
Guyana,GY,GUY,,,,,,,ğŸ‡¬ğŸ‡¾
Hungary,HU,HUN,,,,,,,ğŸ‡­ğŸ‡º
Iceland,IS,ISL,,,,,,,ğŸ‡®ğŸ‡¸
Ireland,IE,IRL,,,,,,,ğŸ‡®ğŸ‡ª
Israel,IL,ISR,,,,,,,ğŸ‡®ğŸ‡±
Italy,IT,ITA,,,,,,,ğŸ‡®ğŸ‡¹
Jamaica,JM,JAM,,,,,,,ğŸ‡¯ğŸ‡²
Japan,JP,JPN,,,,,,,ğŸ‡¯ğŸ‡µ
Kazakhstan,KZ,KAZ,,,,,,,ğŸ‡°ğŸ‡¿
Kuwait,KW,KWT,,,,,,,ğŸ‡°ğŸ‡¼
Kyrgyzstan,KG,KGZ,,,,,,,ğŸ‡°ğŸ‡¬
Latvia,LV,LVA,,,,,,,ğŸ‡±ğŸ‡»
Lithuania,LT,LTU,,,,,,,ğŸ‡±ğŸ‡¹
Luxembourg,LU,LUX,,,,,,,ğŸ‡±ğŸ‡º
Macau,,,,,,,,,
Malta,MT,MLT,,,,,,,ğŸ‡²ğŸ‡¹
Mexico,MX,MEX,,,,,,,ğŸ‡²ğŸ‡½
Mongolia,MN,MNG,,,,,,,ğŸ‡²ğŸ‡³
Montenegro,ME,MNE,,,,,,,ğŸ‡²ğŸ‡ª
Netherlands,NL,NLD,,,,,,,ğŸ‡³ğŸ‡±
New Zealand,NZ,NZL,,,,,,,ğŸ‡³ğŸ‡¿
Nicaragua,NI,NIC,,,,,,,ğŸ‡³ğŸ‡®
Norway,NO,NOR,,,,,,,ğŸ‡³ğŸ‡´
Oman,OM,OMN,,,,,,,ğŸ‡´ğŸ‡²
Panama,PA,PAN,,,,,,,ğŸ‡µğŸ‡¦
Paraguay,PY,PRY,,,,,,,ğŸ‡µğŸ‡¾
Philippines,PH,PHL,,,,,,,ğŸ‡µğŸ‡­
Poland,PL,POL,,,,,,,ğŸ‡µğŸ‡±
Portugal,PT,PRT,,,,,,,ğŸ‡µğŸ‡¹
Puerto Rico,PR,PRI,,,,,,,ğŸ‡µğŸ‡·
Qatar,QA,QAT,,,,,,,ğŸ‡¶ğŸ‡¦
Republic of Korea,,,,,,,,,
Romania,RO,ROU,,,,,,,ğŸ‡·ğŸ‡´
Russian Federation,RU,RUS,,,,,,,ğŸ‡·ğŸ‡º
Saint Vincent and Grenadines,,,,,,,,,
Serbia,RS,SRB,,,,,,,ğŸ‡·ğŸ‡¸
Slovakia,SK,SVK,,,,,,,ğŸ‡¸ğŸ‡°
Slovenia,SI,SVN,,,,,,,ğŸ‡¸ğŸ‡®
South Africa,ZA,ZAF,,,,,,,ğŸ‡¿ğŸ‡¦
Spain,ES,ESP,,,,,,,ğŸ‡ªğŸ‡¸
Sri Lanka,LK,LKA,,,,,,,ğŸ‡±ğŸ‡°
Suriname,SR,SUR,,,,,,,ğŸ‡¸ğŸ‡·
Sweden,SE,SWE,,,,,,,ğŸ‡¸ğŸ‡ª
Switzerland,CH,CHE,,,,,,,ğŸ‡¨ğŸ‡­
Thailand,TH,THA,,,,,,,ğŸ‡¹ğŸ‡­
Trinidad and Tobago,TT,TTO,,,,,,,ğŸ‡¹ğŸ‡¹
Turkey,TR,TUR,,,,,,,ğŸ‡¹ğŸ‡·
Turkmenistan,TM,TKM,,,,,,,ğŸ‡¹ğŸ‡²
Ukraine,UA,UKR,,,,,,,ğŸ‡ºğŸ‡¦
United Arab Emirates,AE,ARE,,,,,,,ğŸ‡¦ğŸ‡ª
United Kingdom,GB,GBR,,,,,,,ğŸ‡¬ğŸ‡§
United States,US,USA,,,,,,,ğŸ‡ºğŸ‡¸
Uruguay,UY,URY,,,,,,,ğŸ‡ºğŸ‡¾
Uzbekistan,UZ,UZB,,,,,,,ğŸ‡ºğŸ‡¿
